Host,business/finance,education/research,entertainment,health/medical,news/press,politics/government/law,sports,tech/science
27997,0.29974960175090554,0.10829603682099175,0.2963527692060662,0.04600093511532651,0.025067690920287506,0.06704584423361125,0.029773798531792375,0.12771332342101888
9316,0.30850791896518875,0.09869641341523494,0.27369797205730195,0.04149611972441116,0.03308574774453315,0.08532324777952145,0.021890478791199312,0.13730210152260927
27045,0.3014990820989441,0.1065039066573416,0.29171191645860134,0.046459317502736276,0.026291167906700105,0.06973211504180289,0.028323112697687135,0.12947938163618652
19805,0.3059212670595077,0.09920186351554877,0.27263533187097716,0.048100402643337994,0.03219340264858552,0.08259987867594558,0.021984415200916877,0.13736343838518045
26580,0.30314371275343244,0.10470169312804997,0.28703479274465654,0.04690446455783777,0.02756389696086951,0.0724984971049022,0.026932886879319596,0.13122005587093197
16886,0.2983155782254928,0.10983606585599998,0.3012127267755146,0.04329331277388588,0.024410749118299768,0.06593237548810135,0.030351702480467438,0.12664748928223818
27931,0.3014990820989441,0.1065039066573416,0.29171191645860134,0.046459317502736276,0.026291167906700105,0.06973211504180289,0.028323112697687135,0.12947938163618652
8977,0.30173592863536547,0.10901080360623519,0.3034374381090282,0.03376570482520251,0.02565612352923278,0.06994211834260533,0.029546051020940205,0.12690583193139046
20285,0.2993147846025104,0.10847617526762747,0.2967905824006904,0.0459951762288523,0.025030234214778072,0.06700103017951668,0.029628499600727908,0.1277635175052968
2427,0.3051256673134064,0.10225660100353437,0.2809495256606094,0.04663992668164153,0.02953179252457663,0.07687502580789814,0.024873874462058694,0.13374758654627486
1324,0.29840165087130044,0.10936909505984505,0.299098522481074,0.0457610463679882,0.024437337209765736,0.06568825652703415,0.030373373706356944,0.12687071777663547
25006,0.3022509169084573,0.10767883864816956,0.29816691976438725,0.03775938816850171,0.02628113903459554,0.07080683152240397,0.02861703823892631,0.12843892771455848
13134,0.31212057278562555,0.0790238643841286,0.22256004912542088,0.039337216892492144,0.05404949191616606,0.12842308657794382,0.011458590900935029,0.15302712741728794
11834,0.29974960175090554,0.10829603682099175,0.2963527692060662,0.04600093511532651,0.025067690920287506,0.06704584423361125,0.029773798531792375,0.12771332342101888
19930,0.3014990820989441,0.1065039066573416,0.29171191645860134,0.046459317502736276,0.026291167906700105,0.06973211504180289,0.028323112697687135,0.12947938163618652
12212,0.3110154889524325,0.08565173658138807,0.23992235051786515,0.040160010178554584,0.04654078634817049,0.11376978905411872,0.013757568893311332,0.14918226947415922
14062,0.3125620271313861,0.08915771183923339,0.24630515537367526,0.050075063935019704,0.04055624097949492,0.0993464169455463,0.017286022692215637,0.1447113611034287
18965,0.30803911584630755,0.09833329479248003,0.27042955255501683,0.048350084361313474,0.03242548707197934,0.0828235589069909,0.0225147927866761,0.1370841136792358
10744,0.3014990820989441,0.1065039066573416,0.29171191645860134,0.046459317502736276,0.026291167906700105,0.06973211504180289,0.028323112697687135,0.12947938163618652
20664,0.30233466051851227,0.10560397862535607,0.28937767004659953,0.04668358106862333,0.026921292536905585,0.07110523561581428,0.02762056783323345,0.13035301375495545
17021,0.3137953419415971,0.08366541655054818,0.23175930681586368,0.050894183097535045,0.04616070961000536,0.11027149693495858,0.014680587068480617,0.1487729579810114
8212,0.29846565991852475,0.10941986729053543,0.2993919174141297,0.045323529179601724,0.02443936388685309,0.06573909241671379,0.030395823450894546,0.12682474644274694
20736,0.3039259308277106,0.10379721295495804,0.2846837207952336,0.04712189700590611,0.028219147649775622,0.07391200631987165,0.026259821818924223,0.1320802626276202
11963,0.2607448222207344,0.12113277554219831,0.3330512359785288,0.031573073913931736,0.026055943936697433,0.07560636242539297,0.014100932176928512,0.1377348538055877
12970,0.30346224813599587,0.07890111318887379,0.22312966377456955,0.035157640115091586,0.05698829166660498,0.1367664546405656,0.009298651827017102,0.1562959366512815
19053,0.2658167638671716,0.12002387691701763,0.32395927038958694,0.04573703396844486,0.024076699738750772,0.06803039005002057,0.01757532344436419,0.13478064162464357
20877,0.3039259308277106,0.10379721295495804,0.2846837207952336,0.04712189700590611,0.028219147649775622,0.07391200631987165,0.026259821818924223,0.1320802626276202
6688,0.30792102255635595,0.072869701072483,0.2030706206084308,0.05035098040315164,0.060646112061027616,0.138347871750932,0.00937360338080207,0.157420088166817
1485,0.2723895385448186,0.06997978880939168,0.1941873810486897,0.04748945653952237,0.07309276727087845,0.16816234887745962,0.004160620450897299,0.1705380984583423
9915,0.29898010612532305,0.10816863537704668,0.29717705675113104,0.042806587223651986,0.026034654685436066,0.06985800753468382,0.0275396069883977,0.12943534531432951
2785,0.30281343080219125,0.10445732942464558,0.2867291234432877,0.0459181122731528,0.028102308617885385,0.0739247858902096,0.025931283499506467,0.1321236260491212
20128,0.30314371275343244,0.10470169312804997,0.28703479274465654,0.04690446455783777,0.02756389696086951,0.0724984971049022,0.026932886879319596,0.13122005587093197
12295,0.30307543884674043,0.1041598332135767,0.2856090257984899,0.0469993177734062,0.028136796605511976,0.07383100964978502,0.02601018334479811,0.13217839476769164
14567,0.30314371275343244,0.10470169312804997,0.28703479274465654,0.04690446455783777,0.02756389696086951,0.0724984971049022,0.026932886879319596,0.13122005587093197
25052,0.30026951777512917,0.10763131716049938,0.2947642087487814,0.045784595483605875,0.025637456815794605,0.06838709798564574,0.028920789533299764,0.128605016497244
25689,0.3091823942157047,0.09650172443949637,0.2656322729704688,0.04872870948506305,0.033936227621337835,0.08595999281697386,0.021372542905331422,0.13868613554562384
18873,0.2994604022908447,0.10913270034119865,0.30003803260785383,0.04187088870855187,0.02500921905933958,0.06745284484568222,0.02969252479793854,0.1273433873485907
18451,0.3104198259053179,0.08618951888124073,0.23886754336913735,0.048384083712160166,0.0446716261018412,0.1083396876684037,0.014516460726056835,0.14861125363584202
8422,0.3037017991114641,0.10269292810727493,0.2817546397138994,0.04735719106123398,0.029396413980338775,0.07662659027280533,0.024482714947283633,0.13398772280569984
9199,0.3125620271313861,0.08915771183923339,0.24630515537367526,0.050075063935019704,0.04055624097949492,0.0993464169455463,0.017286022692215637,0.1447113611034287
9941,0.29883633830767364,0.10918791109167354,0.29865850080162126,0.045766959231333004,0.02447400468511539,0.06573245577526346,0.03052244775826144,0.12682138234905835
20517,0.30063729013962437,0.10740131396093394,0.294037095238672,0.04623174505519517,0.02567335633532329,0.06837902350223533,0.029040771956161594,0.12859940381185433
12718,0.2934731080555743,0.10072711744297876,0.2761595277281281,0.047059527123060656,0.034216846471946664,0.08880999830058418,0.016241329996309173,0.14331254488141804
1681,0.2991374267102624,0.10944845729901169,0.30254485604770964,0.03778875888509457,0.025468680945732854,0.06915919351403337,0.028616440252503705,0.12783618634565186
4828,0.30550824993498304,0.10068967679761591,0.2765534132417504,0.047790541342059165,0.030836100566889204,0.07964132809624304,0.02337217671350127,0.13560851330695797
22986,0.30314371275343244,0.10470169312804997,0.28703479274465654,0.04690446455783777,0.02756389696086951,0.0724984971049022,0.026932886879319596,0.13122005587093197
423,0.30803911584630755,0.09833329479248003,0.27042955255501683,0.048350084361313474,0.03242548707197934,0.0828235589069909,0.0225147927866761,0.1370841136792358
19294,0.30266573076603853,0.10442120924328217,0.2889300250786054,0.03974067868163321,0.029219761920227672,0.07744801623639666,0.024212800895731055,0.13336177717808537
6354,0.31176836243848327,0.06570408724783997,0.19057822611673075,0.026788716739360174,0.07351382146256694,0.16764938782977906,0.007912022262131597,0.15608537590310836
4086,0.3014990820989441,0.1065039066573416,0.29171191645860134,0.046459317502736276,0.026291167906700105,0.06973211504180289,0.028323112697687135,0.12947938163618652
3146,0.30095787315881917,0.09679252017819423,0.2658671630556811,0.048877044447069744,0.035873784380806586,0.09121449977708421,0.01714268959548253,0.14327442540686253
8759,0.3116145330998898,0.08804238830416697,0.2435142551927382,0.04941460472994834,0.042142199341218024,0.10285210400880794,0.016092918894562182,0.14632699642866867
1358,0.3121373167527277,0.08624894966758286,0.23889267553607751,0.04921491329812991,0.04401049171181889,0.1065902752095,0.01525351373363704,0.14765186409052602
8466,0.31137768128638466,0.06934125979644702,0.1934730955226101,0.052184247229535345,0.06401161844024561,0.14301217631597965,0.009324364781433185,0.15727555662736442
12664,0.3050935517236784,0.07329967729108929,0.2046714200272969,0.047718778998475334,0.061290989826248914,0.14072325346193254,0.00881376462785615,0.15838856404342264
13113,0.29047948442758736,0.0580239554070142,0.1635370231032186,0.04564689990089869,0.08674359973750975,0.18591697994557485,0.004801430368157067,0.16485062711003942
24532,0.29549198576065927,0.11074955408856635,0.30282201013478743,0.04476539583984182,0.024184693188842938,0.06548530024797007,0.02939521866642254,0.12710584207290954
26881,0.30233466051851227,0.10560397862535607,0.28937767004659953,0.04668358106862333,0.026921292536905585,0.07110523561581428,0.02762056783323345,0.13035301375495545
20970,0.31067649572981426,0.09374910039037695,0.2584051603138888,0.04926593513352577,0.0363085961963514,0.09082186266359234,0.01975235457047876,0.14102049500197167
5951,0.22625713439143288,0.11503974896480414,0.3123808355453837,0.0347018051766334,0.03717958677203478,0.10714477982915567,0.0041965590100757596,0.1630995503104797
2547,0.30233466051851227,0.10560397862535607,0.28937767004659953,0.04668358106862333,0.026921292536905585,0.07110523561581428,0.02762056783323345,0.13035301375495545
254,0.30540865717210175,0.10198231724210455,0.2799587350577661,0.04754612629639414,0.029568251793136678,0.07680016869237079,0.02495655978816492,0.133779183957961
9824,0.30803911584630755,0.09833329479248003,0.27042955255501683,0.048350084361313474,0.03242548707197934,0.0828235589069909,0.0225147927866761,0.1370841136792358
27314,0.31273563874849813,0.08518519436124711,0.2361170173406117,0.0492641315841414,0.04502787354079016,0.10852167080457892,0.014915003296739584,0.14823347032339285
13643,0.29974960175090554,0.10829603682099175,0.2963527692060662,0.04600093511532651,0.025067690920287506,0.06704584423361125,0.029773798531792375,0.12771332342101888
7998,0.2997946570854594,0.07494270739547201,0.20841398218421664,0.049210018598064516,0.060217326755671687,0.13944722994144312,0.008268153677294499,0.1597059243623782
6742,0.30162227797550706,0.10556412187254317,0.28965112992461034,0.04549922749295727,0.027409495284744196,0.07248746538964482,0.026474810077705073,0.131291471982288
25525,0.3014990820989441,0.1065039066573416,0.29171191645860134,0.046459317502736276,0.026291167906700105,0.06973211504180289,0.028323112697687135,0.12947938163618652
26065,0.3023635038011079,0.10511737833376755,0.2882533139883671,0.04633566621177039,0.027486032838609696,0.07247587323272597,0.02669685441355832,0.13127137718009307
997,0.2975294891470199,0.09569981285803934,0.27010289798964965,0.029646546780787215,0.04072907190038971,0.10622280837473656,0.013343182558239155,0.14672619039113838
12263,0.31174252047026807,0.08948501964854082,0.2471494434930416,0.04995364015018441,0.04044504235206131,0.0992551077010221,0.01712472309446434,0.1448445030904174
61,0.2968433534210608,0.05415043369674497,0.15610793745105847,0.03281911139101834,0.09405480318669507,0.2002377389226321,0.004937164405734241,0.16084945752505603
25885,0.3125620271313861,0.08915771183923339,0.24630515537367526,0.050075063935019704,0.04055624097949492,0.0993464169455463,0.017286022692215637,0.1447113611034287
2671,0.30063729013962437,0.10740131396093394,0.294037095238672,0.04623174505519517,0.02567335633532329,0.06837902350223533,0.029040771956161594,0.12859940381185433
10244,0.3069918637065672,0.09941708765227758,0.27323593649211925,0.04815095586613847,0.031644952588606425,0.08123592874527316,0.022993502638223612,0.13632977231079424
11011,0.30252851469240827,0.10474221765149586,0.2877856757257188,0.044950228910247685,0.028066485902757763,0.07400440073046159,0.02584782230906208,0.13207465407784794
346,0.3106883265527156,0.09299266428444497,0.25638829396838614,0.04943433930357168,0.0370758492503768,0.09243018067822144,0.019143923406925025,0.14184642255535823
21405,0.3018647293125802,0.09937154276280859,0.30233565071096596,0.007177408616705789,0.0365660360183306,0.10547168515284475,0.01808317781939971,0.12912976960636438
20226,0.3014990820989441,0.1065039066573416,0.29171191645860134,0.046459317502736276,0.026291167906700105,0.06973211504180289,0.028323112697687135,0.12947938163618652
24838,0.29974960175090554,0.10829603682099175,0.2963527692060662,0.04600093511532651,0.025067690920287506,0.06704584423361125,0.029773798531792375,0.12771332342101888
5742,0.27065726260529593,0.0770454491754815,0.21395437001089887,0.04276739358072304,0.06528253944891398,0.1563228581372709,0.0045550660514723194,0.16941506098994355
4758,0.29799895704599777,0.10957578620750795,0.29968547173727034,0.04553578769720037,0.024401687752888434,0.06566935183396887,0.030236135364679607,0.12689682236048666
15401,0.2963850863387553,0.07784130987176281,0.21540847473994204,0.051288312775788644,0.05710531879432276,0.1339237812328383,0.008359337180156967,0.15968837906643304
10797,0.30064651995448055,0.10687283287207304,0.2926514394515138,0.0463370960999813,0.026213670595314046,0.06965364592507296,0.028053032746639596,0.12957176235492454
21942,0.29883633830767364,0.10918791109167354,0.29865850080162126,0.045766959231333004,0.02447400468511539,0.06573245577526346,0.03052244775826144,0.12682138234905835
23539,0.3088515500942311,0.09591519039857777,0.26403889831296423,0.0489059249667286,0.03461343758995129,0.08745372679105519,0.020620188141396555,0.13960108370509536
4098,0.3035646829193249,0.10402311218804154,0.28539762094840393,0.04666775944971249,0.028180667453058993,0.07392330265696609,0.02615223760721784,0.1320906167772744
18289,0.299669662871467,0.10774937385592642,0.29844858631335847,0.037201798260737384,0.027149394130093207,0.07326043677182162,0.025958907398935267,0.13056184039766064
15969,0.30188729437434886,0.10526378693995535,0.28851426959876925,0.04659025483314548,0.027443650630576792,0.07239479448740538,0.02655513877520115,0.13135081036059776
3905,0.292546149310587,0.0663924564887733,0.18612888749136955,0.04550323668682911,0.073851471489805,0.16541924689952595,0.00580268670676378,0.1643558649263464
21989,0.30063729013962437,0.10740131396093394,0.294037095238672,0.04623174505519517,0.02567335633532329,0.06837902350223533,0.029040771956161594,0.12859940381185433
26547,0.3125801900370012,0.08351194952847416,0.231670128752118,0.049406165113427165,0.0469248406067196,0.11225993624797254,0.01405206299186592,0.1495947267224214
25153,0.26241774660930794,0.03643715366380086,0.10377721888133562,0.046769074737769124,0.1353041285516237,0.25359158981872365,0.002253669383225397,0.1594494183542137
9706,0.16062852178903372,0.09162137240657185,0.5847350570048729,2.391418801893888e-09,0.010160539338816365,0.08594528619346575,0.04052010229607477,0.026389118579745695
11655,0.2915210463812557,0.10909649130942166,0.29948163791074944,0.04185987266553133,0.027556102142079143,0.07443260879709523,0.02208422494244988,0.13396801585141757
10887,0.22441188281204583,0.027065142377224637,0.0776272140012685,0.04071897175202931,0.1718800170897566,0.30433446718820584,0.0010511760441623496,0.152911128735307
19087,0.30038533687742597,0.10169374620973884,0.2865507616310208,0.02906721824528999,0.03409261665158097,0.09104749741307548,0.01828381879122849,0.1388790041806395
22570,0.30233466051851227,0.10560397862535607,0.28937767004659953,0.04668358106862333,0.026921292536905585,0.07110523561581428,0.02762056783323345,0.13035301375495545
16588,0.3096186113370999,0.07729363380880742,0.2150815001693384,0.049481722619746024,0.054919076919131976,0.12792831585559167,0.010879354830152094,0.15479778446013256
19524,0.30233466051851227,0.10560397862535607,0.28937767004659953,0.04668358106862333,0.026921292536905585,0.07110523561581428,0.02762056783323345,0.13035301375495545
27327,0.3083730566925653,0.08471868375945005,0.2354687830272618,0.046256661665569625,0.047202536841226404,0.11413661488670734,0.01298508362740141,0.15085857949981793
9802,0.2181814151021573,0.06777704943100807,0.1867165595355809,0.04036273263933703,0.08826067606667214,0.21059862119027306,0.00122176279270365,0.18688118324226788
15658,0.3014990820989441,0.1065039066573416,0.29171191645860134,0.046459317502736276,0.026291167906700105,0.06973211504180289,0.028323112697687135,0.12947938163618652
26686,0.30233466051851227,0.10560397862535607,0.28937767004659953,0.04668358106862333,0.026921292536905585,0.07110523561581428,0.02762056783323345,0.13035301375495545
27649,0.3014990820989441,0.1065039066573416,0.29171191645860134,0.046459317502736276,0.026291167906700105,0.06973211504180289,0.028323112697687135,0.12947938163618652
21404,0.30454112423496993,0.10232787867798936,0.280803016734861,0.0475370128366619,0.029481685316333748,0.0767020375990665,0.024715024217443347,0.13389222038267418
4928,0.29678783530763775,0.11200344131164798,0.33894801059770435,0.006757930478063009,0.024701386882330832,0.07538682366662992,0.03153360975732239,0.11388096199866377
8701,0.3073046730477678,0.09961781230800013,0.27435364674438656,0.04634316689278587,0.03166053265584017,0.08150077315582986,0.023065260036184,0.13615413515920557
9444,0.31086609829694256,0.09309234048639024,0.2569282916021747,0.04850052154624844,0.037087304372915145,0.09258654291361983,0.019174976308803764,0.1417639244729053
21570,0.3018010465246922,0.10620859301836257,0.2916783784969091,0.04448588461802198,0.02685375987166344,0.07128999858692767,0.027454641543813434,0.13022769733960973
6154,0.3125620271313861,0.08915771183923339,0.24630515537367526,0.050075063935019704,0.04055624097949492,0.0993464169455463,0.017286022692215637,0.1447113611034287
10861,0.30314371275343244,0.10470169312804997,0.28703479274465654,0.04690446455783777,0.02756389696086951,0.0724984971049022,0.026932886879319596,0.13122005587093197
10233,0.3046810116400861,0.10289070040047717,0.2823248898799673,0.04733580771593002,0.02888721071227603,0.07534586481365578,0.02560112712605691,0.13293338771155075
6066,0.3067804769980695,0.10016058350724208,0.2752061904382312,0.047955707261658626,0.030969927643726167,0.07977046865653425,0.023708847814114344,0.13544779768042384
18155,0.3131325698148701,0.08214058937595492,0.22765640714363533,0.05113059286502052,0.04802688830599466,0.11396165263602136,0.013759930712393483,0.15019136914610964
6871,0.30141455830777614,0.10301576154858215,0.2824917368963928,0.0472453244111848,0.029780143384506692,0.07778491027376033,0.02307541186117523,0.13519215331662182
3553,0.29086378217355024,0.05103491290161529,0.14480312304702733,0.04484105904940927,0.09855238003286872,0.2026813209800675,0.004357918718840305,0.16286550309662123
16463,0.2993147846025104,0.10847617526762747,0.2967905824006904,0.0459951762288523,0.025030234214778072,0.06700103017951668,0.029628499600727908,0.1277635175052968
25967,0.3114909521946016,0.07571670342624215,0.21106289341642034,0.04920423009065594,0.056426022062658336,0.13041462722205005,0.010832926525431311,0.1548516450619403
15172,0.3076033789521956,0.06787374332271721,0.19121096977737034,0.04381123974816919,0.0685547894730523,0.1538499361738243,0.008039150019966988,0.1590567925327042
2591,0.29852081506102285,0.10889596581735414,0.29800792021164996,0.045471010927104386,0.024957826610880293,0.06697170317134075,0.02936523719828319,0.1278095210023643
12863,0.30233466051851227,0.10560397862535607,0.28937767004659953,0.04668358106862333,0.026921292536905585,0.07110523561581428,0.02762056783323345,0.13035301375495545
8090,0.30105966864665,0.10672319249261557,0.32934382868113604,0.005049194665988887,0.02828842473901984,0.08601884220370408,0.027615740698265258,0.11590110787262024
21348,0.29560410697969725,0.10112871116250102,0.2769331396887574,0.04830361715432782,0.03307965722966695,0.08580647551750864,0.017748400568538644,0.1413958916990022
21588,0.29974960175090554,0.10829603682099175,0.2963527692060662,0.04600093511532651,0.025067690920287506,0.06704584423361125,0.029773798531792375,0.12771332342101888
23497,0.3097101198010728,0.09558472873356677,0.26322696678637547,0.0489119461309613,0.034712691480782584,0.08755960791742147,0.020820277597043843,0.13947366155277569
11245,0.30540865717210175,0.10198231724210455,0.2799587350577661,0.04754612629639414,0.029568251793136678,0.07680016869237079,0.02495655978816492,0.133779183957961
19097,0.26467499553291873,0.10105908655394322,0.2749130644849653,0.04728917714226644,0.04034504154473892,0.10623326924720941,0.00772516011360608,0.15776020538035182
9062,0.30063729013962437,0.10740131396093394,0.294037095238672,0.04623174505519517,0.02567335633532329,0.06837902350223533,0.029040771956161594,0.12859940381185433
11896,0.3105663210507089,0.09071660637523887,0.25032868212872966,0.04985645327013038,0.03945560639739559,0.09738546768176871,0.017421094932107008,0.1442697681639209
11336,0.30314371275343244,0.10470169312804997,0.28703479274465654,0.04690446455783777,0.02756389696086951,0.0724984971049022,0.026932886879319596,0.13122005587093197
14563,0.30214353897516016,0.10988258129466677,0.31007789558158144,0.026063314435132236,0.02560137578023621,0.07108202558492487,0.029999954378697458,0.125149313969601
7410,0.25210154887838065,0.12110614897721018,0.3431036765764057,0.017371376515851952,0.028884504827344056,0.08722423154318265,0.010420178521975163,0.1397883341596494
19408,0.3130996232554797,0.08732344074968874,0.24145579521841254,0.05036706317642934,0.04236158419583516,0.10290397076540836,0.016376487744236112,0.14611203489451002
2586,0.30288030945298783,0.09826473537052557,0.2698782557069974,0.04860509161262613,0.033921107479482494,0.08673401346014903,0.019275998832928146,0.1404404880843034
15151,0.3067804769980695,0.10016058350724208,0.2752061904382312,0.047955707261658626,0.030969927643726167,0.07977046865653425,0.023708847814114344,0.13544779768042384
3504,0.30233466051851227,0.10560397862535607,0.28937767004659953,0.04668358106862333,0.026921292536905585,0.07110523561581428,0.02762056783323345,0.13035301375495545
10419,0.15384170873823946,0.011655778502617398,0.03409217181519739,0.02958032630099741,0.2610078925655526,0.3904218090807077,0.000260334806202208,0.11913997819048579
17618,0.30233466051851227,0.10560397862535607,0.28937767004659953,0.04668358106862333,0.026921292536905585,0.07110523561581428,0.02762056783323345,0.13035301375495545
13560,0.3097798861970753,0.09483122820632316,0.2612213510821151,0.04908832668742278,0.035452855430580875,0.08912683557131067,0.020182728240266838,0.14031678858490534
13984,0.290928435360919,0.11179201867330107,0.3055612389634257,0.04385812327132914,0.02480255899637508,0.06756681015867166,0.026034821381426876,0.1294559931945515
9819,0.2386957831795981,0.04460155179232605,0.12510026318501744,0.04615677821536365,0.12249029514476008,0.24910996246079906,0.0014819341876285525,0.17236343183450695
23949,0.308625307410795,0.09741796563595322,0.26803327785969516,0.04854139985059997,0.033173879269086895,0.08438132736499794,0.02193730631558609,0.13788953629328568
15002,0.2549554191441245,0.10457676066547619,0.30049539681814474,0.01579635583428203,0.04245094983320734,0.12153878503212458,0.006152812316416213,0.15403352035622442
3875,0.30707222412455576,0.09946793959469989,0.2735168852944266,0.04769284238851286,0.03164907239200416,0.08130263835014319,0.023011584993452433,0.13628681286220518
26471,0.2969607732062591,0.11091729266643587,0.3051443908132656,0.040216335363398394,0.02427141594631727,0.06611857851007885,0.02991965657832661,0.12645155691591836
19885,0.30337850664686505,0.10341232014773949,0.28359809090262217,0.04732138312860841,0.028759949063495938,0.07520020568615189,0.025229932261931966,0.13309961216258487
5756,0.30634768533574575,0.10033119314040786,0.27562376146600387,0.04795161711491154,0.030924885708916407,0.0797203305033928,0.023594087909028744,0.13550643882159305
18070,0.266242206135536,0.0754685259707455,0.2079714404999078,0.048973614641402936,0.06706496700756376,0.15862358076135255,0.004106380403324853,0.17154928458016647
6783,0.3031866678796266,0.10880558741723585,0.3186290705694445,0.013314567291004813,0.027103329320162323,0.0780320509292623,0.02861670081708858,0.122312025776175
15975,0.3010642206846601,0.1066819476761318,0.29214529320773625,0.04645388598046509,0.026252100484700853,0.06968608262738088,0.028185126689962516,0.1295313426489625
14779,0.3046810116400861,0.10289070040047717,0.2823248898799673,0.04733580771593002,0.02888721071227603,0.07534586481365578,0.02560112712605691,0.13293338771155075
19237,0.30439474304825237,0.10316608753203883,0.28332037515849,0.04643301364898105,0.028851216533638153,0.07541832501344006,0.02551597488034208,0.1329002641848176
26473,0.23497075730793596,0.03489439256577412,0.09886453018231768,0.04518855114955607,0.14587561318175496,0.27559108659658393,0.0013048423805105264,0.1633102266355668
21311,0.2997674581622464,0.10775953878681016,0.29490823808732447,0.04622043928441628,0.02559683925722244,0.06828804125803507,0.02875818759933022,0.12870125756461498
27551,0.2988594105691202,0.10980384558771704,0.3041356647902892,0.036262506004428756,0.025429717081676392,0.06931308969567675,0.028555041444546,0.12764072482654562
2705,0.3072574437370291,0.0987211132441965,0.27153542286540727,0.047882911554567316,0.032336125060796625,0.08278914109419785,0.02231536263203131,0.13716247981177396
12514,0.30063729013962437,0.10740131396093394,0.294037095238672,0.04623174505519517,0.02567335633532329,0.06837902350223533,0.029040771956161594,0.12859940381185433
26485,0.20307279881828416,0.11487746135202254,0.303688760735305,0.04881557264247721,0.03951700208461647,0.11351638451140937,0.002357421533986225,0.174154598321899
8906,0.20059562925001242,0.02456454561852416,0.06998470516398159,0.0418374792311321,0.1853303963987965,0.32449530335914073,0.0006390681790464975,0.15255287279936602
674,0.3065678003480889,0.10238515533055396,0.2841147974704483,0.039110675918869554,0.03022257581175674,0.07943150713712342,0.024460015197993446,0.13370747278516568
9391,0.3014990820989441,0.1065039066573416,0.29171191645860134,0.046459317502736276,0.026291167906700105,0.06973211504180289,0.028323112697687135,0.12947938163618652
7712,0.3002024150895263,0.10758040483880627,0.29447269370861295,0.0462261466390398,0.025635099645249092,0.06833359826776365,0.028899168649119806,0.1286504731618821
17681,0.30379545146179554,0.0911043176159083,0.25132377718108007,0.048557184318483756,0.04104116515017331,0.10187450142863352,0.014709933768225665,0.14759366907569976
15221,0.3074240825698997,0.09924755370255597,0.27282066707782643,0.04815483074116853,0.03169089043608755,0.08128662801089495,0.023105229892747402,0.13627011756881943
11436,0.2985527833477051,0.10892122192308094,0.2981539997115756,0.04525310959707477,0.02495885755667679,0.06699760211685012,0.029376082841963923,0.1277863429050728
23356,0.3045511442931492,0.10477881731445553,0.2898556841295124,0.04001104807759424,0.02821279686800567,0.0748299529214489,0.026458275686639766,0.1313022807091943
25632,0.30540865717210175,0.10198231724210455,0.2799587350577661,0.04754612629639414,0.029568251793136678,0.07680016869237079,0.02495655978816492,0.133779183957961
11684,0.2908251147200696,0.11253634431711049,0.3124108982176769,0.03281767906222738,0.025740375426648858,0.07144714517706242,0.024420067735881096,0.12980237534332323
14883,0.3003352479989072,0.10768175611820367,0.29505464930992376,0.04534705252517298,0.02563969575519428,0.06844032341524696,0.02894229288820075,0.12855898198915044
20302,0.20726921239481264,0.1365975751007205,0.3769317895040223,0.018998753331679944,0.025730625058643403,0.08345170199360315,0.005090382431643414,0.14592996018487456
21899,0.29883633830767364,0.10918791109167354,0.29865850080162126,0.045766959231333004,0.02447400468511539,0.06573245577526346,0.03052244775826144,0.12682138234905835
15954,0.3061085746982557,0.1010722247184855,0.2775856907022183,0.04775278269973588,0.030262435969346132,0.07827500842566101,0.024325879326443048,0.1346174034598544
16830,0.3014990820989441,0.1065039066573416,0.29171191645860134,0.046459317502736276,0.026291167906700105,0.06973211504180289,0.028323112697687135,0.12947938163618652
12111,0.30063729013962437,0.10740131396093394,0.294037095238672,0.04623174505519517,0.02567335633532329,0.06837902350223533,0.029040771956161594,0.12859940381185433
11862,0.30249085223222005,0.10572027491710463,0.29116521459002664,0.042594381958045706,0.027464775459887878,0.07291906128271826,0.0267387729084967,0.13090666665150022
26342,0.3061085746982557,0.1010722247184855,0.2775856907022183,0.04775278269973588,0.030262435969346132,0.07827500842566101,0.024325879326443048,0.1346174034598544
11683,0.30598220696077294,0.09634749727660713,0.26505050287991083,0.048732655170076446,0.03500124014829538,0.08869149518902279,0.019334590353263674,0.1408598120220509
20741,0.30751423735924727,0.09719911037476313,0.26743947228492604,0.04842546632418325,0.03374445656073308,0.08579438251807911,0.020973573795240993,0.13890930078282726
3927,0.30233466051851227,0.10560397862535607,0.28937767004659953,0.04668358106862333,0.026921292536905585,0.07110523561581428,0.02762056783323345,0.13035301375495545
17864,0.24204804657394302,0.10974143455796583,0.44115610002077904,2.4148953347258436e-05,0.019106417977453796,0.08650425087483592,0.031458654545211795,0.06996094649646348
21896,0.2949531074126572,0.10473588985569064,0.28739118000763947,0.044743380343710455,0.030336281084854165,0.08017014924671033,0.020070925309046084,0.13759908673969162
13268,0.30135543523761193,0.10586767368042294,0.29081647013018863,0.04438256172781891,0.02737477526082563,0.07258449354775867,0.02639615880755733,0.131222431607816
2521,0.29974960175090554,0.10829603682099175,0.2963527692060662,0.04600093511532651,0.025067690920287506,0.06704584423361125,0.029773798531792375,0.12771332342101888
27553,0.2491216936660609,0.04179953110602043,0.11912068011874695,0.03854038724414482,0.12774135658143954,0.2552998768497844,0.0017670561262806742,0.16660941830752227
7341,0.30063729013962437,0.10740131396093394,0.294037095238672,0.04623174505519517,0.02567335633532329,0.06837902350223533,0.029040771956161594,0.12859940381185433
17027,2.1701266787570355e-17,0.7954230654114345,0.20457641352375855,1.4885949848552123e-10,2.2136789938902987e-17,1.6340966045378257e-12,9.360499524380758e-40,5.209143133445521e-07
23178,0.309996544185846,0.09417527297368249,0.25975151564438953,0.04832997587214449,0.0362164353610489,0.09086667215217878,0.019594514515660626,0.14106906929504923
17738,0.3074240825698997,0.09924755370255597,0.27282066707782643,0.04815483074116853,0.03169089043608755,0.08128662801089495,0.023105229892747402,0.13627011756881943
148,0.30026951777512917,0.10763131716049938,0.2947642087487814,0.045784595483605875,0.025637456815794605,0.06838709798564574,0.028920789533299764,0.128605016497244
9508,0.2983189460277079,0.10870711391786078,0.29798486830338067,0.04420639191713293,0.02545334966246788,0.06834616947748515,0.028296001276010053,0.12868715941795467
10373,0.3027685371268535,0.09956467582372891,0.2756636560438612,0.041399400805155216,0.033829717460155485,0.08772144596276404,0.019238825198420722,0.13981374157906087
25597,0.30733251181719196,0.09792030647729229,0.2692653079650889,0.0485308037335779,0.033030588584259314,0.08422548274071773,0.021621103084501332,0.13807389559737065
16300,0.29371247061728734,0.1133828671148992,0.3191575011250107,0.02547729663260403,0.024859800465196463,0.07021270234213212,0.027346166775628292,0.1258511949272421
27369,0.3044232420514573,0.1017913515882968,0.27944322379040226,0.04745035062529441,0.030088088490601714,0.07811554106618111,0.02386913213869323,0.13481907024907305
23931,0.3046810116400861,0.10289070040047717,0.2823248898799673,0.04733580771593002,0.02888721071227603,0.07534586481365578,0.02560112712605691,0.13293338771155075
2811,0.30233466051851227,0.10560397862535607,0.28937767004659953,0.04668358106862333,0.026921292536905585,0.07110523561581428,0.02762056783323345,0.13035301375495545
27886,0.3046810116400861,0.10289070040047717,0.2823248898799673,0.04733580771593002,0.02888721071227603,0.07534586481365578,0.02560112712605691,0.13293338771155075
11216,0.3126852825350423,0.0786608289516521,0.21838444045297012,0.05146153958894494,0.05214005547630183,0.12178271678138315,0.012248924868309752,0.15263621134539573
26350,0.30291987329692305,0.10502928286659678,0.2883256506674378,0.04556940190128883,0.02753147302164608,0.07262342497107088,0.026862792648317764,0.13113810062671874
18496,0.3039259308277106,0.10379721295495804,0.2846837207952336,0.04712189700590611,0.028219147649775622,0.07391200631987165,0.026259821818924223,0.1320802626276202
11059,0.30063729013962437,0.10740131396093394,0.294037095238672,0.04623174505519517,0.02567335633532329,0.06837902350223533,0.029040771956161594,0.12859940381185433
3724,0.29883633830767364,0.10918791109167354,0.29865850080162126,0.045766959231333004,0.02447400468511539,0.06573245577526346,0.03052244775826144,0.12682138234905835
23381,0.3074240825698997,0.09924755370255597,0.27282066707782643,0.04815483074116853,0.03169089043608755,0.08128662801089495,0.023105229892747402,0.13627011756881943
21234,0.29974960175090554,0.10829603682099175,0.2963527692060662,0.04600093511532651,0.025067690920287506,0.06704584423361125,0.029773798531792375,0.12771332342101888
938,0.3015843435733645,0.10966477960197846,0.3073359358462195,0.02959723106388245,0.025596615133707586,0.0704918126645386,0.02963885580300585,0.12609042631330314
4334,0.30233466051851227,0.10560397862535607,0.28937767004659953,0.04668358106862333,0.026921292536905585,0.07110523561581428,0.02762056783323345,0.13035301375495545
4069,0.30314371275343244,0.10470169312804997,0.28703479274465654,0.04690446455783777,0.02756389696086951,0.0724984971049022,0.026932886879319596,0.13122005587093197
24307,0.30522575926234086,0.10058714389497363,0.27835295751940553,0.04172840047182952,0.03205222697000688,0.08335650742478208,0.02180294819795581,0.1368940562587058
22936,0.2796923313353394,0.05365564901895159,0.15327109285156396,0.035933838856094136,0.0983636426390402,0.20971197840763256,0.003569569793711317,0.16580189709766685
25232,0.30063729013962437,0.10740131396093394,0.294037095238672,0.04623174505519517,0.02567335633532329,0.06837902350223533,0.029040771956161594,0.12859940381185433
15502,0.3014990820989441,0.1065039066573416,0.29171191645860134,0.046459317502736276,0.026291167906700105,0.06973211504180289,0.028323112697687135,0.12947938163618652
19844,0.30618186247179385,0.09544200328436457,0.26917131976300085,0.031275572521444264,0.03862337461609968,0.09996205197523726,0.016615208307518347,0.14272860706054125
18653,0.3067804769980695,0.10016058350724208,0.2752061904382312,0.047955707261658626,0.030969927643726167,0.07977046865653425,0.023708847814114344,0.13544779768042384
4301,0.3035235785560954,0.10034300701588206,0.2758201369722399,0.0469379882073382,0.03192221217079417,0.08245359505158373,0.02139450117735063,0.13760498084871586
7442,0.2745682341811666,0.11233830630196218,0.32442050530544625,0.014771522358621692,0.031456797173828425,0.092059660666967,0.013748265031833264,0.1366367089801746
20280,0.29934773625735384,0.10850165962541672,0.2969369562859177,0.045774900420265385,0.02503134327063265,0.06702714161471489,0.02963953142498708,0.1277407311007118
16866,0.30233466051851227,0.10560397862535607,0.28937767004659953,0.04668358106862333,0.026921292536905585,0.07110523561581428,0.02762056783323345,0.13035301375495545
6461,0.29883633830767364,0.10918791109167354,0.29865850080162126,0.045766959231333004,0.02447400468511539,0.06573245577526346,0.03052244775826144,0.12682138234905835
8166,0.29938034571790195,0.10852702460789472,0.29708305919285394,0.04555562691355981,0.025032423460030515,0.06705318577111823,0.02965053310672163,0.1277178012299193
10390,0.30452742687989715,0.10186114629516627,0.2798334260939163,0.04682989026772659,0.03009294186934917,0.07820237247818407,0.023894522966334233,0.13475827314942623
22095,0.3039259308277106,0.10379721295495804,0.2846837207952336,0.04712189700590611,0.028219147649775622,0.07391200631987165,0.026259821818924223,0.1320802626276202
24640,0.26106639134912724,0.11059238054770525,0.306763720905284,0.02968351333486509,0.034878077696544205,0.0978477832953431,0.008976256004227402,0.15019187686690377
24001,0.30179290891330895,0.10387389541782922,0.295459392943431,0.024021446495836145,0.0321014480116288,0.08741088315214712,0.02065659692772981,0.13468342813808898
21211,0.29865832284290833,0.10955789613945413,0.3013089774113051,0.04130804583296158,0.024935543954059187,0.06742943033293099,0.0294311474539066,0.12737063603247412
15052,0.3017723000819488,0.10848640468247583,0.30205389413182576,0.03381799943616016,0.026198141285360722,0.07125559814936504,0.02854493754690756,0.1278707246859561
18884,0.3030570687617236,0.10414701990464797,0.2855370311997498,0.0471120034940252,0.028136016501072888,0.07381621595378267,0.026005197502737776,0.1321894466822599
15944,0.30232812333800513,0.10509195998033591,0.28810922244897036,0.046558317599370284,0.02748462440022483,0.07244713669481925,0.026686732763270812,0.13129388277500342
15267,0.24034589154452074,0.04670185289058143,0.13103613726690452,0.04470612968964193,0.11819252615473612,0.24410254528152864,0.0015542819817406575,0.17336063519034592
18620,0.30932394580122724,0.09577520966054325,0.2637706222877676,0.048676178261093966,0.034665613846589394,0.08754340318351121,0.02072833341685974,0.13951669354240753
11754,0.1132775595816316,0.07537028188348217,0.6658456449562896,3.4824093527659667e-12,0.0065962786741109135,0.08610492763785772,0.039885399119499745,0.01291990814364587
17346,0.30707222412455576,0.09946793959469989,0.2735168852944266,0.04769284238851286,0.03164907239200416,0.08130263835014319,0.023011584993452433,0.13628681286220518
16845,0.21185091331478834,0.02226521092124395,0.06415191863454425,0.03967057763492951,0.19203080843747725,0.32396867716677197,0.0008344056543416067,0.14522748823590312
13326,0.3001956443772224,0.1070277070513129,0.29405098812627367,0.043512403233852685,0.0266983429907003,0.07122276738538595,0.026967162655495744,0.1303249841797564
12083,0.29918085039328557,0.10727027816236225,0.2942564067951848,0.04447933677194836,0.026613861264806114,0.0710013903214411,0.026659361983805436,0.13053851430716645
11926,0.3125620271313861,0.08915771183923339,0.24630515537367526,0.050075063935019704,0.04055624097949492,0.0993464169455463,0.017286022692215637,0.1447113611034287
23745,0.30540865717210175,0.10198231724210455,0.2799587350577661,0.04754612629639414,0.029568251793136678,0.07680016869237079,0.02495655978816492,0.133779183957961
17892,0.3014990820989441,0.1065039066573416,0.29171191645860134,0.046459317502736276,0.026291167906700105,0.06973211504180289,0.028323112697687135,0.12947938163618652
27100,0.30803911584630755,0.09833329479248003,0.27042955255501683,0.048350084361313474,0.03242548707197934,0.0828235589069909,0.0225147927866761,0.1370841136792358
18307,0.29791376750603055,0.11149489485868033,0.3112417991009259,0.030758183566582574,0.024770060692092116,0.0686256023327791,0.029420474474363318,0.12577521746854609
11746,0.25721363227530825,0.036739445440849935,0.10423189307229293,0.04847936092363933,0.13541366735491245,0.25481030763220475,0.0020502504259564337,0.1610614428748359
21156,0.3045716409637947,0.1032904849056872,0.2840283960182254,0.04533313433571438,0.02885849069062156,0.07556770763272115,0.02556429427856519,0.1327858511746704
21263,0.28879413541071225,0.11508572295060389,0.3216513896024128,0.027997671881663366,0.024463412525840552,0.06925215932174876,0.02575646857115415,0.12699903973586418
21099,0.2962873565198018,0.11210437064900651,0.30814438152115725,0.040195265370288946,0.02323031125348087,0.06361227696715621,0.03187469030566563,0.12455134741344275
9455,0.3136692528249096,0.08457823869338478,0.23418212339565003,0.05076965495588222,0.04518703539819218,0.10839816482916383,0.015089651239739741,0.14812587866307758
23390,0.3014990820989441,0.1065039066573416,0.29171191645860134,0.046459317502736276,0.026291167906700105,0.06973211504180289,0.028323112697687135,0.12947938163618652
19517,0.3066415305445769,0.09836201081953126,0.2706727842776652,0.04755922926471412,0.03294434349696344,0.08426670709388878,0.02144817128195717,0.1381052232207033
5036,0.2958100942656479,0.09197833013870536,0.2537993565067102,0.04627621931651441,0.04247719523518532,0.10645923550670432,0.01225060330392538,0.1509489657266071
21500,0.2958678798311055,0.10580604404222013,0.2892980857472287,0.04734015630884554,0.028616356938950108,0.0757014440577698,0.022416691024664898,0.13495334204921525
17857,0.3093009301712859,0.07747065009023052,0.21562341917260855,0.04910772604559856,0.054854535878930355,0.12795460013156165,0.010835427314085077,0.15485271119569943
7822,0.310070106311336,0.09344955864171696,0.2579071477277184,0.04818828892577944,0.036985864227581745,0.09252868883856309,0.01900136983814926,0.1418689754891552
9671,0.30935706401617696,0.08390653146486624,0.23410863578185126,0.04369351683372139,0.04831674460133566,0.11674581579813273,0.012753359035957866,0.15111833246795783
17042,0.3014990820989441,0.1065039066573416,0.29171191645860134,0.046459317502736276,0.026291167906700105,0.06973211504180289,0.028323112697687135,0.12947938163618652
23033,0.3046810116400861,0.10289070040047717,0.2823248898799673,0.04733580771593002,0.02888721071227603,0.07534586481365578,0.02560112712605691,0.13293338771155075
17625,0.3115225236261097,0.09191232640684453,0.25357126537236824,0.04960284325173489,0.037962838773031526,0.09416837015221878,0.018731790114929262,0.14252804230276309
13690,0.3014990820989441,0.1065039066573416,0.29171191645860134,0.046459317502736276,0.026291167906700105,0.06973211504180289,0.028323112697687135,0.12947938163618652
26712,0.30233466051851227,0.10560397862535607,0.28937767004659953,0.04668358106862333,0.026921292536905585,0.07110523561581428,0.02762056783323345,0.13035301375495545
9505,0.3137953419415971,0.08366541655054818,0.23175930681586368,0.050894183097535045,0.04616070961000536,0.11027149693495858,0.014680587068480617,0.1487729579810114
27842,0.3014990820989441,0.1065039066573416,0.29171191645860134,0.046459317502736276,0.026291167906700105,0.06973211504180289,0.028323112697687135,0.12947938163618652
20969,0.3055863233762216,0.10074055376718756,0.2768360531769608,0.04733556279076294,0.03083992345800354,0.07970623302459959,0.023390411537188554,0.13556493886907556
16608,0.30540865717210175,0.10198231724210455,0.2799587350577661,0.04754612629639414,0.029568251793136678,0.07680016869237079,0.02495655978816492,0.133779183957961
5447,0.3014990820989441,0.1065039066573416,0.29171191645860134,0.046459317502736276,0.026291167906700105,0.06973211504180289,0.028323112697687135,0.12947938163618652
15842,0.30063729013962437,0.10740131396093394,0.294037095238672,0.04623174505519517,0.02567335633532329,0.06837902350223533,0.029040771956161594,0.12859940381185433
15978,0.30233466051851227,0.10560397862535607,0.28937767004659953,0.04668358106862333,0.026921292536905585,0.07110523561581428,0.02762056783323345,0.13035301375495545
10594,0.30345273531974587,0.10346344750652235,0.28388484288174165,0.04687036130120404,0.028763201721438456,0.0752606726798325,0.025249341869958628,0.13305539671955646
4107,0.30063729013962437,0.10740131396093394,0.294037095238672,0.04623174505519517,0.02567335633532329,0.06837902350223533,0.029040771956161594,0.12859940381185433
4689,0.29928076555430283,0.1089787824581807,0.29911251366058533,0.04320301471640893,0.025004905332702585,0.06728999694904023,0.02962418460008231,0.12750583672869695
13986,0.2961041471248688,0.1119278910159305,0.307050950822118,0.04171160284224115,0.023227657236372982,0.0634368343186204,0.03179101373829411,0.12474990290155412
9844,0.3010987105157022,0.10670748738037737,0.2922906823049381,0.046231619966435135,0.026253381003552775,0.06971355201589714,0.02819574709524566,0.12950881971785158
20376,0.3002361386871873,0.10760592039736354,0.29461858604465274,0.04600486799903341,0.025636293071846426,0.06836038254033783,0.028909993837092293,0.1286278174224865
2881,0.30233466051851227,0.10560397862535607,0.28937767004659953,0.04668358106862333,0.026921292536905585,0.07110523561581428,0.02762056783323345,0.13035301375495545
20999,0.30400521714891626,0.10294320425287627,0.2843737508952221,0.04180569806070114,0.029990865698589702,0.0787692199836661,0.023754972729400234,0.1343570712306281
1448,0.28787482348916876,0.10901349488095945,0.35813883066736324,0.0014245771041365126,0.025515758965298306,0.08554175361914966,0.02939554996999,0.10309521130393401
2274,0.30233466051851227,0.10560397862535607,0.28937767004659953,0.04668358106862333,0.026921292536905585,0.07110523561581428,0.02762056783323345,0.13035301375495545
26885,0.30233466051851227,0.10560397862535607,0.28937767004659953,0.04668358106862333,0.026921292536905585,0.07110523561581428,0.02762056783323345,0.13035301375495545
25051,0.30743682156445934,0.09140952322363986,0.2524377041858446,0.0481802021441728,0.03984760187684659,0.09893819004494109,0.016293029356101826,0.14545692760399387
6880,0.3061085746982557,0.1010722247184855,0.2775856907022183,0.04775278269973588,0.030262435969346132,0.07827500842566101,0.024325879326443048,0.1346174034598544
20119,0.3050885150254534,0.10223138899925764,0.2808077517992571,0.046863817578755046,0.029530139042967616,0.07684418014469566,0.0248643259027239,0.1337698815068896
22759,0.30540865717210175,0.10198231724210455,0.2799587350577661,0.04754612629639414,0.029568251793136678,0.07680016869237079,0.02495655978816492,0.133779183957961
14467,0.29806678371343326,0.10906147786710152,0.29836049331317166,0.04559253212594084,0.024919734860502075,0.06691131204347976,0.02921540517556477,0.1278722609008061
12429,0.29974960175090554,0.10829603682099175,0.2963527692060662,0.04600093511532651,0.025067690920287506,0.06704584423361125,0.029773798531792375,0.12771332342101888
5621,0.30233466051851227,0.10560397862535607,0.28937767004659953,0.04668358106862333,0.026921292536905585,0.07110523561581428,0.02762056783323345,0.13035301375495545
21237,0.3108408598637747,0.08217177951712257,0.22773149439318158,0.050672389220223206,0.048662757341963264,0.11565492101436037,0.013020311384979888,0.15124548726439432
3127,0.29756400486903556,0.1097570668748545,0.3001255109209626,0.04552967782044786,0.02436500721067538,0.06562486800128241,0.030088309751671354,0.1269455545510704
6547,0.310825925007295,0.0905395204181026,0.25101840711576257,0.04591082913391337,0.04027225279263334,0.09976523152061921,0.016919199414959687,0.1447486345967141
26807,0.311165271253667,0.08886599360991355,0.24542770980467207,0.050219235898698145,0.04122121557485028,0.10088675632955793,0.01650680797302685,0.1457070095556141
12126,0.2993147846025104,0.10847617526762747,0.2967905824006904,0.0459951762288523,0.025030234214778072,0.06700103017951668,0.029628499600727908,0.1277635175052968
40,0.29746749322967636,0.10698346801581017,0.2937011445788068,0.0437241610511585,0.027572632984632646,0.07356507054910123,0.024422302889414292,0.13256372670140007
2099,0.31067649572981426,0.09374910039037695,0.2584051603138888,0.04926593513352577,0.0363085961963514,0.09082186266359234,0.01975235457047876,0.14102049500197167
20067,0.31111466807027816,0.09283077921572833,0.25598951179435175,0.049436556566235045,0.037128348454431505,0.09248457203913166,0.01923626007015257,0.14177930378969097
7297,0.3131117116370734,0.09616781370680623,0.2826230075013238,0.014882322884896737,0.037536668214189946,0.10165373948471731,0.01988069074938468,0.13414404582160794
26029,0.29974960175090554,0.10829603682099175,0.2963527692060662,0.04600093511532651,0.025067690920287506,0.06704584423361125,0.029773798531792375,0.12771332342101888
8,0.3039259308277106,0.10379721295495804,0.2846837207952336,0.04712189700590611,0.028219147649775622,0.07391200631987165,0.026259821818924223,0.1320802626276202
25798,0.30167074922137577,0.10610974820334763,0.29110615453693406,0.04534876282516935,0.026849229504466124,0.07117958093051471,0.02741402325059424,0.1303217515275982
9281,0.3049718159680765,0.09783177291051255,0.26953320022844424,0.04651514155389857,0.034140489486889095,0.08728576686185181,0.019725941751043957,0.13999587123928336
25473,0.2997674581622464,0.10775953878681016,0.29490823808732447,0.04622043928441628,0.02559683925722244,0.06828804125803507,0.02875818759933022,0.12870125756461498
8536,0.30233466051851227,0.10560397862535607,0.28937767004659953,0.04668358106862333,0.026921292536905585,0.07110523561581428,0.02762056783323345,0.13035301375495545
25381,0.2913211787298329,0.05985083488896418,0.16825251926467505,0.046856123925865516,0.08345100663056029,0.1803481192860314,0.005049948760277039,0.1648702685137937
10440,0.29970254011962827,0.10822967031996995,0.2970331374416546,0.0436952994663329,0.025570547827827368,0.06854994422538523,0.028740991062388196,0.12847786953681364
10536,0.29662271577589344,0.1133615539879875,0.3261137180702351,0.017207961869369136,0.024470016710610554,0.07072898011580976,0.0300056334205572,0.12148942004953729
25033,0.29450837907595023,0.10727428573133763,0.2936211960656636,0.04549944012043002,0.02787948328411211,0.07437019641092499,0.02283075115915277,0.13401626815242854
21090,0.29830132602379855,0.10982396412147456,0.3011406647168789,0.043397670072604734,0.024410385683023447,0.06592001069391021,0.030346273984543294,0.12665970470376625
16995,0.3077843708158945,0.09776551207274196,0.2689243031850466,0.04841869998319516,0.033079509333470106,0.08429507648630594,0.021730362843693018,0.13800216527965262
26899,0.3014990820989441,0.1065039066573416,0.29171191645860134,0.046459317502736276,0.026291167906700105,0.06973211504180289,0.028323112697687135,0.12947938163618652
27129,0.27592434537497246,0.11433830711113198,0.3195757923744422,0.02674037011699171,0.028718202622518597,0.08160471907139473,0.0158571637753752,0.13724109955317318
13621,0.31454407126017997,0.08940102255462799,0.25200147621560154,0.034863238576729974,0.042337396085792726,0.10586669976844358,0.01661372358022849,0.1443723719583957
3215,0.30875229865977954,0.09666800676314023,0.2660405603640327,0.04872551364861184,0.033887539395496914,0.08590765735345823,0.021269510771806114,0.1387489130436744
25585,0.30274509541142247,0.10490319355985124,0.2876080203248222,0.046675192517769026,0.0275246388810574,0.07248014049981309,0.02681212173450308,0.13125159707076142
11484,0.30428440263147977,0.10309008081748687,0.282892457963092,0.04710505107951738,0.0288464499218547,0.07532778486077216,0.025486671030315478,0.13296710169548157
10213,0.31165839596285094,0.09125255082274047,0.2520781477774084,0.048823697194915396,0.038770277119643926,0.09598136716628614,0.01818107927007517,0.14325448468607951
10976,0.30146503014092735,0.1059580056020992,0.2902399306524233,0.046672956337016874,0.026841511308923368,0.07101183028909404,0.027352266796668898,0.13045846887284707
20528,0.29883633830767364,0.10918791109167354,0.29865850080162126,0.045766959231333004,0.02447400468511539,0.06573245577526346,0.03052244775826144,0.12682138234905835
9565,0.26905242185508765,0.12394572246768021,0.3610735163373861,0.010879265036319237,0.022471799841575355,0.07012016356285287,0.02204646994562403,0.12041064095347458
12254,0.3015176289678992,0.10599633649474735,0.2904573835237547,0.04633850803396949,0.026843545899926304,0.07105400944347122,0.027367800161002126,0.1304247874752295
18399,0.30063729013962437,0.10740131396093394,0.294037095238672,0.04623174505519517,0.02567335633532329,0.06837902350223533,0.029040771956161594,0.12859940381185433
23578,0.30314371275343244,0.10470169312804997,0.28703479274465654,0.04690446455783777,0.02756389696086951,0.0724984971049022,0.026932886879319596,0.13122005587093197
66,0.3014990820989441,0.1065039066573416,0.29171191645860134,0.046459317502736276,0.026291167906700105,0.06973211504180289,0.028323112697687135,0.12947938163618652
18029,0.30944439818655656,0.0689772580435153,0.20053624936738623,0.024363606085120285,0.06985538410951969,0.16308248110728646,0.008064114290024125,0.1556765088105914
11884,0.3084221772564975,0.09608054383567605,0.26444496168793846,0.0489027591275146,0.03456380718886233,0.0874005562740119,0.02052080040253065,0.13966439422696847
1947,0.28978686521372427,0.10653950204319299,0.29429896046370096,0.03809202099179653,0.030984556243401216,0.083340083854293,0.01775055363325729,0.13920745755663375
24183,0.31067649572981426,0.09374910039037695,0.2584051603138888,0.04926593513352577,0.0363085961963514,0.09082186266359234,0.01975235457047876,0.14102049500197167
24305,0.3067144048136851,0.10169694898902097,0.28390671702971537,0.03533825543911563,0.031476315103757056,0.08295570149048975,0.022964029673862393,0.13494762746035377
1376,0.30233466051851227,0.10560397862535607,0.28937767004659953,0.04668358106862333,0.026921292536905585,0.07110523561581428,0.02762056783323345,0.13035301375495545
7365,0.29082068516056386,0.1122706380231203,0.30660176404538914,0.04429919342767381,0.0242871851815859,0.06626021496599292,0.026924194327445285,0.12853612486822866
7654,0.30419723357007133,0.10075820037030282,0.2769906951531081,0.04675948156192289,0.03133492352862088,0.08107471651473983,0.022277052871529902,0.1366076964297043
22769,0.17773325309643462,0.02569427019209057,0.07411912534909154,0.026714995313537937,0.1883614188446015,0.35151216675163477,0.0003684647818711148,0.1554963056707379
12739,0.29974960175090554,0.10829603682099175,0.2963527692060662,0.04600093511532651,0.025067690920287506,0.06704584423361125,0.029773798531792375,0.12771332342101888
24824,0.31111466807027816,0.09283077921572833,0.25598951179435175,0.049436556566235045,0.037128348454431505,0.09248457203913166,0.01923626007015257,0.14177930378969097
16688,0.3099195523918532,0.06724712302940813,0.18842174241297457,0.04927908589537772,0.06777624919032453,0.15042937535407003,0.008505205678697815,0.158421666047294
20734,0.3128348774338211,0.09335534953679328,0.26295209351133886,0.03362884092333461,0.03871367738573794,0.09868535877645714,0.01843308985269473,0.14139671257982242
15812,0.30063729013962437,0.10740131396093394,0.294037095238672,0.04623174505519517,0.02567335633532329,0.06837902350223533,0.029040771956161594,0.12859940381185433
20941,0.3083413404205129,0.0968945658773451,0.26795254301940585,0.044477917378548996,0.034506759075972636,0.08800034917643064,0.020480790104681863,0.13934573494710217
10826,0.3028803702550802,0.10307101484895703,0.28277817818153883,0.047064774550473865,0.029311933379215744,0.0765658573918978,0.024257016822223247,0.13407085457061332
11384,0.021122158845451936,0.02861319147323986,0.0696682461686602,0.021112969328363883,0.16648129646756712,0.4920363210992141,6.952466383262721e-08,0.20096574709283907
14684,0.30576010411729493,0.09892377481906188,0.2795300847522782,0.029043672904829,0.03545033056206384,0.09346405224190914,0.01880327036810287,0.1390247102344602
15538,0.2879476347121597,0.09270269398055644,0.2578091870343476,0.03840963257025597,0.04478961901022706,0.11419382300045865,0.009926154769419158,0.15422125492257552
4786,0.30233466051851227,0.10560397862535607,0.28937767004659953,0.04668358106862333,0.026921292536905585,0.07110523561581428,0.02762056783323345,0.13035301375495545
24572,0.30540865717210175,0.10198231724210455,0.2799587350577661,0.04754612629639414,0.029568251793136678,0.07680016869237079,0.02495655978816492,0.133779183957961
25838,0.2975574727520818,0.11089334266263337,0.3056976254118434,0.038858409739389144,0.024309839289316997,0.06633172321128933,0.030139410997951244,0.12621217593549472
7387,0.29689227201344603,0.1070927655854757,0.2949844936099895,0.04102830953483713,0.028070109001902706,0.07519092168862337,0.023467149484920017,0.1332739790808055
20599,0.30146190945095636,0.10595003249295934,0.2912982859736096,0.0436631077375925,0.027378323671109737,0.0726791871722671,0.026429034123207195,0.13114011937829825
14908,0.2641842015288211,0.07631313461139755,0.2101547679665662,0.048585572396721066,0.06652186058353894,0.15821208564835168,0.003993129008985199,0.17203524825561817
14518,0.2994643247359757,0.1069749126310422,0.293142353280105,0.045507786759289924,0.02664853515073114,0.07091915650805124,0.026743384285332253,0.13059954664947268
24606,0.29579542928307334,0.10834741056546059,0.34025765869071317,0.0034879422292182706,0.027084415188861243,0.0850777516087276,0.028046145894203747,0.11190324653974205
2365,0.31359503208579875,0.08085336970200302,0.2252359711521175,0.04736100651602178,0.0500943733171307,0.11866900378882282,0.013046021961501795,0.1511452214766036
18874,0.29974960175090554,0.10829603682099175,0.2963527692060662,0.04600093511532651,0.025067690920287506,0.06704584423361125,0.029773798531792375,0.12771332342101888
24941,0.29765230617469624,0.10925832295743718,0.29889363834267146,0.04544427806216777,0.024882931678778177,0.06688276128314756,0.02907953489141541,0.12790622660968626
19413,0.3039259308277106,0.10379721295495804,0.2846837207952336,0.04712189700590611,0.028219147649775622,0.07391200631987165,0.026259821818924223,0.1320802626276202
4269,0.2650695519832209,0.04341279584371414,0.12369003505053476,0.041192872087604165,0.12012875781083726,0.23942529632879525,0.002448551656633419,0.16463213923866013
21316,0.2702335274772236,0.09702887380149232,0.26667612901916515,0.04191173792495729,0.04380026662622927,0.11402732925857748,0.007562408099569362,0.15875972779278552
7551,0.2903119606693278,0.11499763084430813,0.3535387760026223,0.004723097481936528,0.022589915167262463,0.07158458879258352,0.03390389436746746,0.10835013667449168
20992,0.30063729013962437,0.10740131396093394,0.294037095238672,0.04623174505519517,0.02567335633532329,0.06837902350223533,0.029040771956161594,0.12859940381185433
11490,0.30545831594457357,0.09651424586926048,0.2666652147898934,0.04487170328146957,0.03563152713513999,0.0907705523603289,0.018601525734803958,0.14148691488453022
2722,0.30233466051851227,0.10560397862535607,0.28937767004659953,0.04668358106862333,0.026921292536905585,0.07110523561581428,0.02762056783323345,0.13035301375495545
14245,0.3046810116400861,0.10289070040047717,0.2823248898799673,0.04733580771593002,0.02888721071227603,0.07534586481365578,0.02560112712605691,0.13293338771155075
11534,0.30233466051851227,0.10560397862535607,0.28937767004659953,0.04668358106862333,0.026921292536905585,0.07110523561581428,0.02762056783323345,0.13035301375495545
3004,0.3046810116400861,0.10289070040047717,0.2823248898799673,0.04733580771593002,0.02888721071227603,0.07534586481365578,0.02560112712605691,0.13293338771155075
8990,0.3067804769980695,0.10016058350724208,0.2752061904382312,0.047955707261658626,0.030969927643726167,0.07977046865653425,0.023708847814114344,0.13544779768042384
16635,0.3014990820989441,0.1065039066573416,0.29171191645860134,0.046459317502736276,0.026291167906700105,0.06973211504180289,0.028323112697687135,0.12947938163618652
23285,0.3027736640420254,0.10829565786277236,0.31200866189941046,0.01812208293880863,0.027744095656139906,0.07820012185067719,0.02688241076978829,0.1259733049803777
15118,0.3023458572253747,0.10510468374466804,0.2881813013167657,0.04644686527679898,0.02748533262605871,0.0724615141260175,0.02669179700836844,0.13128264867594774
12163,0.3095133527862054,0.0798352025177598,0.22136417755032795,0.051268870641777674,0.05159022491663166,0.12133360979655358,0.011798136270226493,0.15329642552051745
14178,0.3039259308277106,0.10379721295495804,0.2846837207952336,0.04712189700590611,0.028219147649775622,0.07391200631987165,0.026259821818924223,0.1320802626276202
5707,0.30233466051851227,0.10560397862535607,0.28937767004659953,0.04668358106862333,0.026921292536905585,0.07110523561581428,0.02762056783323345,0.13035301375495545
3880,0.3125620271313861,0.08915771183923339,0.24630515537367526,0.050075063935019704,0.04055624097949492,0.0993464169455463,0.017286022692215637,0.1447113611034287
7360,0.3014990820989441,0.1065039066573416,0.29171191645860134,0.046459317502736276,0.026291167906700105,0.06973211504180289,0.028323112697687135,0.12947938163618652
20308,0.301966336603282,0.0754630943314197,0.210314988756524,0.047485123401282144,0.05938013058290451,0.1379736910645034,0.008698697973513471,0.15871793728657077
2150,0.3135418003210549,0.08199224430224704,0.2272874788455777,0.051129548943323146,0.048091755136036723,0.1140212721247495,0.013825396431743473,0.15011050389526742
14299,0.2911780650740025,0.11264020207507379,0.3101147529103557,0.038168667920629895,0.02477587663184322,0.06822368593309809,0.026164072160819535,0.12873467729417723
4804,0.26803191042177926,0.10158766808969402,0.27839688022853587,0.04182078311805395,0.0399567563570614,0.1059635600638614,0.008295246015318124,0.15594719570569596
25705,0.30512906995045147,0.0889150751259849,0.24561251948303373,0.04878319675106081,0.04298542766705291,0.10564536394586364,0.014070451024524457,0.14885889605202804
7058,0.3022743960406122,0.10505361307821419,0.2878925874260807,0.04689419924472946,0.027482451474637744,0.07240389411466347,0.026671498861653736,0.1313273597594085
6623,0.30540865717210175,0.10198231724210455,0.2799587350577661,0.04754612629639414,0.029568251793136678,0.07680016869237079,0.02495655978816492,0.133779183957961
19023,0.30063729013962437,0.10740131396093394,0.294037095238672,0.04623174505519517,0.02567335633532329,0.06837902350223533,0.029040771956161594,0.12859940381185433
15898,0.13214014650227485,0.039357656983938644,0.10735032815715102,0.0348485075283752,0.1542282142541111,0.3418643092748323,9.897811364747353e-05,0.1901118591856694
1172,0.3100784115834292,0.08512319140526771,0.23688236415188693,0.0453616815951662,0.046478199124750375,0.11262391733572166,0.013625019439109229,0.1498272153646687
10394,0.3014990820989441,0.1065039066573416,0.29171191645860134,0.046459317502736276,0.026291167906700105,0.06973211504180289,0.028323112697687135,0.12947938163618652
3465,0.3082458573486572,0.06530572999171247,0.18262805184662226,0.05194566007461297,0.07034094551176877,0.15423360502330996,0.007977373558698871,0.15932277664461755
25941,0.3067804769980695,0.10016058350724208,0.2752061904382312,0.047955707261658626,0.030969927643726167,0.07977046865653425,0.023708847814114344,0.13544779768042384
11151,0.30109466226584236,0.10721933499593024,0.29466335231399077,0.04332295358644266,0.026228580280579776,0.07003102270692087,0.02819816252530519,0.12924193132498812
18928,0.2592426441364143,0.07815680043449155,0.21883858956813546,0.03412018797142134,0.06768333752001068,0.1662099190138389,0.003551434137557705,0.17219708721813
16631,0.3026711905721411,0.10435614742179938,0.2861557310667792,0.04680699159619133,0.028096499544025995,0.07380748159503049,0.025891934702424627,0.13221402350160785
17034,0.3125620271313861,0.08915771183923339,0.24630515537367526,0.050075063935019704,0.04055624097949492,0.0993464169455463,0.017286022692215637,0.1447113611034287
23631,0.307967665356058,0.10057623632018457,0.27941940608064025,0.03925726164572832,0.03165553517339392,0.08253276415701807,0.023244945187750925,0.13534618607922588
21206,0.3067804769980695,0.10016058350724208,0.2752061904382312,0.047955707261658626,0.030969927643726167,0.07977046865653425,0.023708847814114344,0.13544779768042384
5172,0.30233466051851227,0.10560397862535607,0.28937767004659953,0.04668358106862333,0.026921292536905585,0.07110523561581428,0.02762056783323345,0.13035301375495545
14673,0.00040550776943595174,0.3434077623800752,0.5778713833897354,0.003722650068119173,0.0004330666225717305,0.00784349737609772,4.3987483380902425e-11,0.0663161323499773
17524,0.29974960175090554,0.10829603682099175,0.2963527692060662,0.04600093511532651,0.025067690920287506,0.06704584423361125,0.029773798531792375,0.12771332342101888
12201,0.2955906524956295,0.10809211663799222,0.2959848680121883,0.04493826006230799,0.026841081991621274,0.07186501010161503,0.02473956368460844,0.13194844701403724
3257,0.3038707393556316,0.10475301041570581,0.2890580657746532,0.041781000814936506,0.02816520484205745,0.07453349582997403,0.02624649137322906,0.13159199159381235
1210,0.3125620271313861,0.08915771183923339,0.24630515537367526,0.050075063935019704,0.04055624097949492,0.0993464169455463,0.017286022692215637,0.1447113611034287
18120,0.30540865717210175,0.10198231724210455,0.2799587350577661,0.04754612629639414,0.029568251793136678,0.07680016869237079,0.02495655978816492,0.133779183957961
12176,0.3014990820989441,0.1065039066573416,0.29171191645860134,0.046459317502736276,0.026291167906700105,0.06973211504180289,0.028323112697687135,0.12947938163618652
17196,0.30928086509671276,0.09574991856912432,0.26363289963128456,0.048908987337238925,0.03466306577946224,0.08750674416429836,0.020720013320981046,0.1395375061008979
14478,0.30803911584630755,0.09833329479248003,0.27042955255501683,0.048350084361313474,0.03242548707197934,0.0828235589069909,0.0225147927866761,0.1370841136792358
333,0.3060208788432389,0.09453906555072424,0.2624461702677572,0.04213906441861738,0.037965906906800816,0.09625290985733953,0.017032114885964043,0.14360388926955786
10848,0.30314371275343244,0.10470169312804997,0.28703479274465654,0.04690446455783777,0.02756389696086951,0.0724984971049022,0.026932886879319596,0.13122005587093197
6723,0.3081531155031774,0.0971598726267803,0.2677322997248759,0.047266986037366336,0.033804734822053456,0.0860274982393985,0.02111770554797706,0.13873778749837098
4206,0.3091823942157047,0.09650172443949637,0.2656322729704688,0.04872870948506305,0.033936227621337835,0.08595999281697386,0.021372542905331422,0.13868613554562384
4474,0.30233466051851227,0.10560397862535607,0.28937767004659953,0.04668358106862333,0.026921292536905585,0.07110523561581428,0.02762056783323345,0.13035301375495545
4436,0.30036760191261747,0.10770679921839638,0.295199469185315,0.045129773961108934,0.02564077119938161,0.06846683390830327,0.028953000765076963,0.1285357498498003
22854,0.3010455256516023,0.1082737559568871,0.2985977442869899,0.04020293288294094,0.02565810507055,0.06908331574810052,0.029201518826597186,0.1279371015763322
10099,0.2999103663384824,0.10733069505199008,0.2940995868347048,0.0454449366957415,0.02614032143198115,0.06966985617286126,0.027821612345142504,0.12958262512909652
1549,0.3014990820989441,0.1065039066573416,0.29171191645860134,0.046459317502736276,0.026291167906700105,0.06973211504180289,0.028323112697687135,0.12947938163618652
13245,0.30067374053393753,0.10123779079982068,0.2788278999203505,0.04437750556277685,0.03225199501395711,0.08393429196908121,0.020047207290273834,0.1386495689098023
25296,0.3122464114066911,0.09007564018890045,0.24872866704066368,0.0499221591489266,0.03967663679223785,0.09759928856074192,0.017756879271764673,0.14399431759007375
20701,0.30232812333800513,0.10509195998033591,0.28810922244897036,0.046558317599370284,0.02748462440022483,0.07244713669481925,0.026686732763270812,0.13129388277500342
3610,0.30875229865977954,0.09666800676314023,0.2660405603640327,0.04872551364861184,0.033887539395496914,0.08590765735345823,0.021269510771806114,0.1387489130436744
24771,0.30531691354812523,0.1010202482662845,0.2778637697349329,0.04635951883245953,0.03080260747004012,0.0797949499211957,0.023316002277685734,0.13552598994927625
10728,0.30935902847748076,0.06799067863406384,0.18977037318740297,0.05226629812501378,0.06630486171148295,0.14726587135250896,0.008671445598959614,0.158371442913087
11759,0.303720671154352,0.10270571904364009,0.2818261101389868,0.0472439908850533,0.029397273832881425,0.07664206400727012,0.024487446211038863,0.13397672472677735
20937,0.30233466051851227,0.10560397862535607,0.28937767004659953,0.04668358106862333,0.026921292536905585,0.07110523561581428,0.02762056783323345,0.13035301375495545
22390,0.30233466051851227,0.10560397862535607,0.28937767004659953,0.04668358106862333,0.026921292536905585,0.07110523561581428,0.02762056783323345,0.13035301375495545
150,0.25142872169898794,0.058221019583475135,0.16141460535943272,0.05001531284971968,0.0942656889760835,0.20610692782716455,0.0022476790261845435,0.1763000446789519
5941,0.2978978252510779,0.11007677221773886,0.30095385214774695,0.04552988907567874,0.023892130670269584,0.06443873215363309,0.031286977348315745,0.125923821135539
8512,0.3069918637065672,0.09941708765227758,0.27323593649211925,0.04815095586613847,0.031644952588606425,0.08123592874527316,0.022993502638223612,0.13632977231079424
16527,0.3014990820989441,0.1065039066573416,0.29171191645860134,0.046459317502736276,0.026291167906700105,0.06973211504180289,0.028323112697687135,0.12947938163618652
23410,0.30314371275343244,0.10470169312804997,0.28703479274465654,0.04690446455783777,0.02756389696086951,0.0724984971049022,0.026932886879319596,0.13122005587093197
26988,0.30314371275343244,0.10470169312804997,0.28703479274465654,0.04690446455783777,0.02756389696086951,0.0724984971049022,0.026932886879319596,0.13122005587093197
12898,0.3011328535697874,0.10673290888749244,0.29243580315782725,0.046010363831472154,0.026254631006212992,0.06974095100552825,0.028206338650593722,0.12948614989108584
206,0.30980739294057,0.07012655475737888,0.19578557960674337,0.05074905440563026,0.06364977084783385,0.143088945271527,0.009133474933496574,0.15765922723682008
3535,0.298896354387432,0.10866912319482445,0.297301636844803,0.045879055058471466,0.024993329032053084,0.06696913601717154,0.029489329627605577,0.1278020358376389
21048,0.3027783935018646,0.1044322071971884,0.28658616845611246,0.04613881755280808,0.028100905335507437,0.07389557146207558,0.025921485988302906,0.13214645050614054
15920,0.26787227608907227,0.12270755755969767,0.3312303547281888,0.0448233403491326,0.02141908140497011,0.06116381657822113,0.02218961620792715,0.12859395708279045
10075,0.3039601821421407,0.10334007085653167,0.28374546442778,0.0464282690407379,0.02880876932387117,0.07536964906324044,0.02539203882969959,0.13295555631599845
16695,0.29462780464125976,0.08225646393737326,0.22813267143066657,0.046511166540643176,0.05322672756183014,0.12810788633697165,0.008834862706592695,0.1583024168446627
4688,0.29756400486903556,0.1097570668748545,0.3001255109209626,0.04552967782044786,0.02436500721067538,0.06562486800128241,0.030088309751671354,0.1269455545510704
937,0.3002361386871873,0.10760592039736354,0.29461858604465274,0.04600486799903341,0.025636293071846426,0.06836038254033783,0.028909993837092293,0.1286278174224865
4569,0.30063729013962437,0.10740131396093394,0.294037095238672,0.04623174505519517,0.02567335633532329,0.06837902350223533,0.029040771956161594,0.12859940381185433
1527,0.29974960175090554,0.10829603682099175,0.2963527692060662,0.04600093511532651,0.025067690920287506,0.06704584423361125,0.029773798531792375,0.12771332342101888
5484,0.29950738932569726,0.10862729992036639,0.29766478138846425,0.04468847471147702,0.025036457982750837,0.06715669459934118,0.02969424064627094,0.1276246614256322
19117,0.298405948142529,0.10954657848722812,0.32344995764376216,0.011122917991180576,0.02773087922367925,0.08107855519537942,0.025725805755953297,0.12293935756028816
25775,0.3014990820989441,0.1065039066573416,0.29171191645860134,0.046459317502736276,0.026291167906700105,0.06973211504180289,0.028323112697687135,0.12947938163618652
10172,0.2812300474292796,0.11220344922397586,0.3689394328638559,0.001313692471823641,0.023875168740972303,0.08169267251378609,0.02954148300430174,0.10120405375200485
10602,0.30943837079244735,0.09504581246151146,0.26189900479714645,0.04861943131309087,0.03540756527706949,0.08914814672153068,0.020101775228317242,0.1403398934088863
24750,0.3098236194486311,0.09485645514183612,0.26135830577116237,0.0488547558841229,0.03545552827624887,0.08916434108461008,0.020190870585861734,0.14029612380752687
11579,0.3006570996290064,0.11061315311164831,0.31013391496021453,0.02894409360065326,0.024983952404956215,0.06917664377563984,0.03041115793545531,0.12507998458242617
24331,0.3120859196704724,0.07210946536645822,0.20088714431441018,0.05205159134187483,0.06025238997888837,0.13642670196626405,0.010126113156280285,0.1560606742053516
20627,0.3014990820989441,0.1065039066573416,0.29171191645860134,0.046459317502736276,0.026291167906700105,0.06973211504180289,0.028323112697687135,0.12947938163618652
23714,0.30233466051851227,0.10560397862535607,0.28937767004659953,0.04668358106862333,0.026921292536905585,0.07110523561581428,0.02762056783323345,0.13035301375495545
17421,0.2973775281630039,0.11111030525924416,0.3223361061450487,0.015139323557999669,0.02661379024427088,0.07681346176228518,0.026564616971877862,0.12404486789626959
11620,0.3014990820989441,0.1065039066573416,0.29171191645860134,0.046459317502736276,0.026291167906700105,0.06973211504180289,0.028323112697687135,0.12947938163618652
4256,0.30314371275343244,0.10470169312804997,0.28703479274465654,0.04690446455783777,0.02756389696086951,0.0724984971049022,0.026932886879319596,0.13122005587093197
1505,0.3014990820989441,0.1065039066573416,0.29171191645860134,0.046459317502736276,0.026291167906700105,0.06973211504180289,0.028323112697687135,0.12947938163618652
10906,0.30063729013962437,0.10740131396093394,0.294037095238672,0.04623174505519517,0.02567335633532329,0.06837902350223533,0.029040771956161594,0.12859940381185433
19250,0.297586616335753,0.1112522830233514,0.31106692403347314,0.029914043332582123,0.0252514608653904,0.07000125625226175,0.028336048274107795,0.12659136788308026
13807,0.3014990820989441,0.1065039066573416,0.29171191645860134,0.046459317502736276,0.026291167906700105,0.06973211504180289,0.028323112697687135,0.12947938163618652
13445,0.3039259308277106,0.10379721295495804,0.2846837207952336,0.04712189700590611,0.028219147649775622,0.07391200631987165,0.026259821818924223,0.1320802626276202
11923,0.3014990820989441,0.1065039066573416,0.29171191645860134,0.046459317502736276,0.026291167906700105,0.06973211504180289,0.028323112697687135,0.12947938163618652
25487,0.30063729013962437,0.10740131396093394,0.294037095238672,0.04623174505519517,0.02567335633532329,0.06837902350223533,0.029040771956161594,0.12859940381185433
4633,0.3032996763824044,0.10288769606964783,0.28229852489324825,0.04716000090658169,0.029354567312282573,0.07660327609798574,0.024371754978227515,0.13402450335962207
11964,0.30233466051851227,0.10560397862535607,0.28937767004659953,0.04668358106862333,0.026921292536905585,0.07110523561581428,0.02762056783323345,0.13035301375495545
23331,0.3125620271313861,0.08915771183923339,0.24630515537367526,0.050075063935019704,0.04055624097949492,0.0993464169455463,0.017286022692215637,0.1447113611034287
572,0.30540865717210175,0.10198231724210455,0.2799587350577661,0.04754612629639414,0.029568251793136678,0.07680016869237079,0.02495655978816492,0.133779183957961
27463,0.3014990820989441,0.1065039066573416,0.29171191645860134,0.046459317502736276,0.026291167906700105,0.06973211504180289,0.028323112697687135,0.12947938163618652
23384,0.3002024150895263,0.10758040483880627,0.29447269370861295,0.0462261466390398,0.025635099645249092,0.06833359826776365,0.028899168649119806,0.1286504731618821
25985,0.30193513389419074,0.10580652407897943,0.28995368166565194,0.04645508513797164,0.026882774012570224,0.07108676723329595,0.02749653948656713,0.1303834944907729
774,0.30432153621156843,0.10311553143023641,0.2830353580208434,0.0468800198970767,0.02884807263064611,0.07535804145012794,0.02549646522324764,0.13294497513625342
18545,0.30063729013962437,0.10740131396093394,0.294037095238672,0.04623174505519517,0.02567335633532329,0.06837902350223533,0.029040771956161594,0.12859940381185433
19770,0.31275348133850944,0.08583449307944073,0.23755691513989718,0.05028033182193159,0.044114277853796534,0.10649950140923231,0.015371004313594387,0.14758999504359774
12519,0.3125620271313861,0.08915771183923339,0.24630515537367526,0.050075063935019704,0.04055624097949492,0.0993464169455463,0.017286022692215637,0.1447113611034287
26983,0.3035385892694253,0.059918591418740105,0.16867197407892473,0.04839346068928788,0.08010399077324164,0.17172525700260063,0.00644311035140555,0.1612050264163742
24792,0.2976012188870895,0.10281796093641236,0.28216876916801986,0.04600894090979826,0.031272308622801934,0.08182366919246342,0.020010765875247683,0.13829636640816687
4911,0.2992098053252148,0.10952505387622546,0.3030433157289317,0.03712340819759694,0.025468699988575132,0.06924687166307088,0.028650894351865505,0.12773195086851957
15014,0.30196508521836285,0.08466714521950532,0.23549392276847803,0.044433464570912753,0.049146962504016074,0.1194183802837944,0.011058711603817271,0.15381632783111338
15155,0.30233466051851227,0.10560397862535607,0.28937767004659953,0.04668358106862333,0.026921292536905585,0.07110523561581428,0.02762056783323345,0.13035301375495545
6146,0.3046810116400861,0.10289070040047717,0.2823248898799673,0.04733580771593002,0.02888721071227603,0.07534586481365578,0.02560112712605691,0.13293338771155075
5193,0.3014990820989441,0.1065039066573416,0.29171191645860134,0.046459317502736276,0.026291167906700105,0.06973211504180289,0.028323112697687135,0.12947938163618652
22144,0.30007423749705325,0.1008286953876687,0.27652433116346575,0.04801520802402658,0.032222535591682026,0.08338260292256455,0.01992113168433247,0.13903125772920674
27244,0.30083455126311937,0.1075435320351759,0.29597023764283537,0.04205011731472824,0.026194149940050003,0.0701461570184606,0.028122472199402122,0.1291387825862285
5123,0.29974960175090554,0.10829603682099175,0.2963527692060662,0.04600093511532651,0.025067690920287506,0.06704584423361125,0.029773798531792375,0.12771332342101888
19734,0.30233466051851227,0.10560397862535607,0.28937767004659953,0.04668358106862333,0.026921292536905585,0.07110523561581428,0.02762056783323345,0.13035301375495545
14706,0.30063729013962437,0.10740131396093394,0.294037095238672,0.04623174505519517,0.02567335633532329,0.06837902350223533,0.029040771956161594,0.12859940381185433
17951,0.3024419453103702,0.10189719099550072,0.28070784768674995,0.044187636077251666,0.031123364055745548,0.08118804321151081,0.021837611929892736,0.13661636073297836
8690,0.3076075376320936,0.09850174905237885,0.27084250780344654,0.04834643036900756,0.03237864283480713,0.08277230610753601,0.02240603028870469,0.1371447959120255
11718,0.30540865717210175,0.10198231724210455,0.2799587350577661,0.04754612629639414,0.029568251793136678,0.07680016869237079,0.02495655978816492,0.133779183957961
21733,0.268716884960881,0.1148641380600802,0.37730706323142577,0.0012332152961198608,0.024740279542948267,0.08620780068012253,0.0223945754029158,0.10453604282550669
4338,0.24088235985048423,0.031293240201977615,0.09008487880181151,0.03792798863808242,0.15586271859558995,0.2863124746686247,0.0014487927150317944,0.1561875465283978
21613,0.30516002312275725,0.09669910917116346,0.26597732925394457,0.048527833276881996,0.034902189532004524,0.08861286237254079,0.019154681968992397,0.14096597130171498
11006,0.3014990820989441,0.1065039066573416,0.29171191645860134,0.046459317502736276,0.026291167906700105,0.06973211504180289,0.028323112697687135,0.12947938163618652
12328,0.30063729013962437,0.10740131396093394,0.294037095238672,0.04623174505519517,0.02567335633532329,0.06837902350223533,0.029040771956161594,0.12859940381185433
26604,0.28233412263071556,0.11764468970594202,0.32521967111129935,0.03248693979679967,0.02345828826584756,0.06660840617545186,0.02463716075140977,0.12761072156253417
24482,0.30233466051851227,0.10560397862535607,0.28937767004659953,0.04668358106862333,0.026921292536905585,0.07110523561581428,0.02762056783323345,0.13035301375495545
27907,0.3121571613680906,0.08427433303242127,0.23328771127184483,0.05083538021024151,0.045910947489647747,0.11004762672904408,0.014405294358543532,0.14908154554016645
7320,0.2607497402269522,0.06496780040572049,0.18037785532334893,0.046975800283999426,0.08263593302078916,0.18688527217156778,0.002986235824158883,0.17442136274346318
7909,0.3061085746982557,0.1010722247184855,0.2775856907022183,0.04775278269973588,0.030262435969346132,0.07827500842566101,0.024325879326443048,0.1346174034598544
5067,0.30194948299398006,0.10933332356960712,0.3057527155201888,0.030931052679725443,0.02564390190932774,0.07034470702625524,0.02970682819592343,0.12633798810499222
1949,0.29974960175090554,0.10829603682099175,0.2963527692060662,0.04600093511532651,0.025067690920287506,0.06704584423361125,0.029773798531792375,0.12771332342101888
120,0.29263651829474274,0.11455928404465383,0.33193764393164826,0.01463811511182467,0.024586770039101584,0.07218249332257204,0.02805865840125885,0.12140051685419795
8192,0.11163107157001785,0.06179508996177422,0.1641313026952167,0.031043501401633655,0.11378695639186864,0.3026989283297142,5.443535197209698e-05,0.21485871429780265
9089,0.30377231553167555,0.10093403280323202,0.27743844721325345,0.04670514886380638,0.03128932902793315,0.08102992040446153,0.02217082376731749,0.1366599823883203
14221,0.3039259308277106,0.10379721295495804,0.2846837207952336,0.04712189700590611,0.028219147649775622,0.07391200631987165,0.026259821818924223,0.1320802626276202
16411,0.30314371275343244,0.10470169312804997,0.28703479274465654,0.04690446455783777,0.02756389696086951,0.0724984971049022,0.026932886879319596,0.13122005587093197
6628,0.3014990820989441,0.1065039066573416,0.29171191645860134,0.046459317502736276,0.026291167906700105,0.06973211504180289,0.028323112697687135,0.12947938163618652
13459,0.30540865717210175,0.10198231724210455,0.2799587350577661,0.04754612629639414,0.029568251793136678,0.07680016869237079,0.02495655978816492,0.133779183957961
12564,0.3013936813573823,0.1069320797811861,0.2935872334172027,0.044276182354106575,0.026263547744912276,0.06995763971731367,0.028290045273511224,0.12929959035438507
24809,0.3056206828927485,0.10366869278392879,0.28819924602394265,0.03718584626771857,0.029485822206702744,0.07814040651437437,0.025050178752252378,0.1326491245583319
24944,0.30711252228364344,0.09699256473604347,0.2674464179783765,0.046608239563301464,0.03438839815870665,0.08754683915825039,0.02020730113726108,0.13969771698441705
12280,0.0956726484987912,0.14289653463974514,0.36122472674896294,0.029761508659880743,0.03625589378124145,0.1327023887954341,0.000103560408553479,0.2013827384673911
17511,0.3102082345142147,0.09466713534855097,0.26081778705742187,0.049091043288067814,0.03550342883732071,0.0891802183547075,0.020280288054595946,0.1402518645451204
11113,0.30540865717210175,0.10198231724210455,0.2799587350577661,0.04754612629639414,0.029568251793136678,0.07680016869237079,0.02495655978816492,0.133779183957961
2605,0.3016089588767213,0.10713114357490247,0.29596877920103226,0.03952273743520156,0.026791114199865622,0.07184669089595812,0.02742462478512535,0.12970595103119337
17110,0.29974960175090554,0.10829603682099175,0.2963527692060662,0.04600093511532651,0.025067690920287506,0.06704584423361125,0.029773798531792375,0.12771332342101888
23846,0.3027055251769546,0.10589659142377617,0.29222863470612154,0.041049683777964335,0.027470410307681537,0.0731273745387465,0.02681158837665186,0.1307101916921035
13595,0.30540865717210175,0.10198231724210455,0.2799587350577661,0.04754612629639414,0.029568251793136678,0.07680016869237079,0.02495655978816492,0.133779183957961
5515,0.2972829781449076,0.1094917518119444,0.2996389885818528,0.0449818618666692,0.02484753875163146,0.0668913574089395,0.028959644341251294,0.12790587909280368
10452,0.3039292313949863,0.08696848524969777,0.24637017549663662,0.031222474535316336,0.04821141928835599,0.12062952412752817,0.011665817148487937,0.1510028727589909
7812,0.3014990820989441,0.1065039066573416,0.29171191645860134,0.046459317502736276,0.026291167906700105,0.06973211504180289,0.028323112697687135,0.12947938163618652
5265,0.3010642206846601,0.1066819476761318,0.29214529320773625,0.04645388598046509,0.026252100484700853,0.06968608262738088,0.028185126689962516,0.1295313426489625
26875,0.3045981716344447,0.10236621101099845,0.281017008321784,0.047196979028515204,0.029484298691038403,0.07674858224572075,0.02472937748259343,0.13385937158490502
25189,0.3039259308277106,0.10379721295495804,0.2846837207952336,0.04712189700590611,0.028219147649775622,0.07391200631987165,0.026259821818924223,0.1320802626276202
26355,0.3002024150895263,0.10758040483880627,0.29447269370861295,0.0462261466390398,0.025635099645249092,0.06833359826776365,0.028899168649119806,0.1286504731618821
15547,0.3014990820989441,0.1065039066573416,0.29171191645860134,0.046459317502736276,0.026291167906700105,0.06973211504180289,0.028323112697687135,0.12947938163618652
9970,0.30360072768314883,0.10404845009292861,0.28554084502156907,0.04644466417543694,0.028182159791572577,0.07395275128854187,0.026162201310735617,0.13206820063606642
14433,0.3039259308277106,0.10379721295495804,0.2846837207952336,0.04712189700590611,0.028219147649775622,0.07391200631987165,0.026259821818924223,0.1320802626276202
13967,0.29978431533313477,0.10777232434071848,0.294981303052089,0.046109684037653705,0.025597436804247753,0.0683014277743009,0.028763575229732996,0.12868993342812246
3205,0.3014990820989441,0.1065039066573416,0.29171191645860134,0.046459317502736276,0.026291167906700105,0.06973211504180289,0.028323112697687135,0.12947938163618652
10717,0.3048184191649403,0.1036556981804938,0.2888557726099234,0.03549677750123819,0.030004196076005362,0.07973101793707464,0.02403089037661915,0.13340722815370515
2635,0.31067649572981426,0.09374910039037695,0.2584051603138888,0.04926593513352577,0.0363085961963514,0.09082186266359234,0.01975235457047876,0.14102049500197167
11065,0.30594038327647366,0.10142028781995932,0.27899360624331115,0.04617503702175105,0.030230564547850752,0.0784466434755305,0.024273520925607382,0.1345199566895162
22906,0.20003756161848196,0.06855274087210671,0.18902932412000245,0.03455117264831007,0.09134966387842414,0.22425367236592528,0.0007987288429982196,0.1914271356537512
12459,0.30233466051851227,0.10560397862535607,0.28937767004659953,0.04668358106862333,0.026921292536905585,0.07110523561581428,0.02762056783323345,0.13035301375495545
17605,0.3014990820989441,0.1065039066573416,0.29171191645860134,0.046459317502736276,0.026291167906700105,0.06973211504180289,0.028323112697687135,0.12947938163618652
18995,0.3014990820989441,0.1065039066573416,0.29171191645860134,0.046459317502736276,0.026291167906700105,0.06973211504180289,0.028323112697687135,0.12947938163618652
27501,0.29985088399743737,0.10782316906544116,0.2952728877539154,0.04566917822955466,0.025599752898393963,0.0683548018727618,0.02878505237645995,0.12864427380603574
17300,0.30063729013962437,0.10740131396093394,0.294037095238672,0.04623174505519517,0.02567335633532329,0.06837902350223533,0.029040771956161594,0.12859940381185433
16874,0.3019682631914351,0.10636935751075695,0.2938285187483293,0.03999710684419115,0.027391499045955673,0.07317261540953703,0.026600052699434655,0.13067258655036013
24529,0.2849935757921311,0.11202745452745408,0.31388385448791,0.027212499503526173,0.028484734405554473,0.0798994426638383,0.018787175720569885,0.13471126289901597
813,0.3097101198010728,0.09558472873356677,0.26322696678637547,0.0489119461309613,0.034712691480782584,0.08755960791742147,0.020820277597043843,0.13947366155277569
14607,0.3074240825698997,0.09924755370255597,0.27282066707782643,0.04815483074116853,0.03169089043608755,0.08128662801089495,0.023105229892747402,0.13627011756881943
25810,0.30497492549968513,0.10215506682542905,0.2803808736965207,0.047541622859450676,0.029524970060714174,0.07675117385098747,0.024835526329337835,0.1338358408778749
18396,0.30314371275343244,0.10470169312804997,0.28703479274465654,0.04690446455783777,0.02756389696086951,0.0724984971049022,0.026932886879319596,0.13122005587093197
8505,0.30063729013962437,0.10740131396093394,0.294037095238672,0.04623174505519517,0.02567335633532329,0.06837902350223533,0.029040771956161594,0.12859940381185433
20721,0.3020004266164021,0.10484945563088749,0.2878223971122314,0.045542211244116275,0.028021337840432654,0.07387627208478938,0.025695550730509466,0.13219234874063127
8002,0.3039259308277106,0.10379721295495804,0.2846837207952336,0.04712189700590611,0.028219147649775622,0.07391200631987165,0.026259821818924223,0.1320802626276202
2458,0.29974960175090554,0.10829603682099175,0.2963527692060662,0.04600093511532651,0.025067690920287506,0.06704584423361125,0.029773798531792375,0.12771332342101888
17761,0.2922705539856649,0.11518459564339789,0.3326653396166894,0.015422660241694707,0.02406708699973029,0.0706116567087162,0.028827704684300296,0.12095040211980626
1234,0.29883633830767364,0.10918791109167354,0.29865850080162126,0.045766959231333004,0.02447400468511539,0.06573245577526346,0.03052244775826144,0.12682138234905835
21407,0.29883633830767364,0.10918791109167354,0.29865850080162126,0.045766959231333004,0.02447400468511539,0.06573245577526346,0.03052244775826144,0.12682138234905835
3520,0.30314371275343244,0.10470169312804997,0.28703479274465654,0.04690446455783777,0.02756389696086951,0.0724984971049022,0.026932886879319596,0.13122005587093197
20893,0.2993147846025104,0.10847617526762747,0.2967905824006904,0.0459951762288523,0.025030234214778072,0.06700103017951668,0.029628499600727908,0.1277635175052968
20218,0.3014990820989441,0.1065039066573416,0.29171191645860134,0.046459317502736276,0.026291167906700105,0.06973211504180289,0.028323112697687135,0.12947938163618652
26275,0.27625408329077356,0.04228817099845918,0.1198191672845635,0.04948330168418469,0.1180410221487079,0.22913755836923444,0.0030557512665439985,0.1619209449575328
10574,0.3081667264984494,0.09248162592051237,0.2549550103851324,0.04930017927744473,0.03832784020190203,0.09544606586132703,0.017479663453308515,0.1438428884019235
24600,0.301099866231245,0.10618619491128992,0.29096115340227685,0.0462220952752303,0.026804300686511795,0.07102106976712387,0.027239588044576494,0.13046573168174583
1145,0.30063729013962437,0.10740131396093394,0.294037095238672,0.04623174505519517,0.02567335633532329,0.06837902350223533,0.029040771956161594,0.12859940381185433
11125,0.3014990820989441,0.1065039066573416,0.29171191645860134,0.046459317502736276,0.026291167906700105,0.06973211504180289,0.028323112697687135,0.12947938163618652
21887,0.30063729013962437,0.10740131396093394,0.294037095238672,0.04623174505519517,0.02567335633532329,0.06837902350223533,0.029040771956161594,0.12859940381185433
13030,0.3008141799538288,0.10699918872098672,0.2933758936631696,0.04523842715123335,0.026219664421491515,0.06978997246239511,0.028105496957994962,0.12945717666889997
26035,0.3014990820989441,0.1065039066573416,0.29171191645860134,0.046459317502736276,0.026291167906700105,0.06973211504180289,0.028323112697687135,0.12947938163618652
821,0.27518235038482575,0.054028171121850294,0.15680520163294648,0.026002782079423494,0.10041799514096962,0.2194158329088915,0.003243345281060999,0.16490432145003192
2462,0.3097990116007631,0.08936054015552902,0.24791947862119712,0.045732457500679995,0.04184108239645614,0.10320071770677797,0.015738992247711952,0.1464077197708847
22449,0.30233466051851227,0.10560397862535607,0.28937767004659953,0.04668358106862333,0.026921292536905585,0.07110523561581428,0.02762056783323345,0.13035301375495545
1387,0.31033131189275937,0.08134905468482279,0.2253795549740266,0.05132778364205743,0.04961511380735454,0.11743123080832986,0.012590605745337954,0.15197534444531144
22051,0.30066367341674544,0.10688560097704494,0.29272418562273744,0.04622609926919509,0.0262143040650919,0.0696673573410114,0.028058311308683585,0.1295604679994902
23783,0.30497492549968513,0.10215506682542905,0.2803808736965207,0.047541622859450676,0.029524970060714174,0.07675117385098747,0.024835526329337835,0.1338358408778749
16792,0.30233466051851227,0.10560397862535607,0.28937767004659953,0.04668358106862333,0.026921292536905585,0.07110523561581428,0.02762056783323345,0.13035301375495545
6584,0.29974960175090554,0.10829603682099175,0.2963527692060662,0.04600093511532651,0.025067690920287506,0.06704584423361125,0.029773798531792375,0.12771332342101888
13527,0.2937679925938865,0.11355629057408953,0.33260700993403536,0.012145369436629508,0.025141696387428206,0.07436873162357353,0.027862807552427718,0.12055010189792972
434,0.3125620271313861,0.08915771183923339,0.24630515537367526,0.050075063935019704,0.04055624097949492,0.0993464169455463,0.017286022692215637,0.1447113611034287
